{"Validation Accuracy": 0.4861111044883728, "F1 Score": 0.4861111044883728, "Recall": 0.46440422534942627, "Precision": 0.46637052297592163, "epoch": 699, "_timestamp": 1657149741, "_runtime": 132, "_step": 699, "_wandb": {"runtime": 129}}