{"Validation Accuracy": 0.2847222089767456, "F1 Score": 0.2847222089767456, "Recall": 0.28225409984588623, "Precision": 0.2988561987876892, "epoch": 199, "_timestamp": 1657150622, "_runtime": 20, "_step": 199, "_wandb": {"runtime": 18}}