{"Validation Accuracy": 0.2708333432674408, "F1 Score": 0.2708333432674408, "Recall": 0.2692910432815552, "Precision": 0.17821767926216125, "epoch": 699, "_timestamp": 1657148338, "_runtime": 67, "_step": 699, "_wandb": {"runtime": 63}}