{"Validation Accuracy": 0.2326388955116272, "F1 Score": 0.2326388955116272, "Recall": 0.23123706877231598, "Precision": 0.10970824956893921, "_timestamp": 1657144059, "_runtime": 12, "_step": 99, "_wandb": {"runtime": 10}}