{"Validation Accuracy": 0.2638888955116272, "F1 Score": 0.2638888955116272, "Recall": 0.26475223898887634, "Precision": 0.12245398759841919, "epoch": 99, "_timestamp": 1657152283, "_runtime": 11, "_step": 99, "_wandb": {"runtime": 9}}