{"Validation Accuracy": 0.3159722089767456, "F1 Score": 0.3159722089767456, "Recall": 0.27141904830932617, "Precision": 0.12417417764663696, "epoch": 699, "_timestamp": 1657153072, "_runtime": 68, "_step": 699, "_wandb": {"runtime": 66}}