{"Validation Accuracy": 0.1493055522441864, "F1 Score": 0.1493055522441864, "Recall": 0.14796774089336395, "Precision": 0.06284178048372269, "epoch": 99, "_timestamp": 1657150839, "_runtime": 12, "_step": 99, "_wandb": {"runtime": 9}}