{"Validation Accuracy": 0.2847222089767456, "F1 Score": 0.2847222089767456, "Recall": 0.28700128197669983, "Precision": 0.11043234169483185, "epoch": 699, "_timestamp": 1657151063, "_runtime": 64, "_step": 699, "_wandb": {"runtime": 61}}