{"Validation Accuracy": 0.1770833283662796, "F1 Score": 0.1770833432674408, "Recall": 0.1875, "Precision": 0.04935526102781296, "epoch": 699, "_timestamp": 1657152677, "_runtime": 64, "_step": 699, "_wandb": {"runtime": 62}}