{"Validation Accuracy": 0.4236111044883728, "F1 Score": 0.4236111044883728, "Recall": 0.39879974722862244, "Precision": 0.3952038288116455, "epoch": 699, "_timestamp": 1657152955, "_runtime": 140, "_step": 699, "_wandb": {"runtime": 138}}