{"Validation Accuracy": 0.2534722089767456, "F1 Score": 0.2534722089767456, "Recall": 0.25012660026550293, "Precision": 0.19030241668224335, "epoch": 199, "_timestamp": 1657149781, "_runtime": 20, "_step": 199, "_wandb": {"runtime": 18}}