{"Validation Accuracy": 0.5659722089767456, "F1 Score": 0.5659722089767456, "Recall": 0.5808997750282288, "Precision": 0.5717604756355286, "Estimator": 400, "_timestamp": 1657155040, "_runtime": 8, "_step": 0, "_wandb": {"runtime": 5}}