{"Validation Accuracy": 0.3125, "F1 Score": 0.3125, "Recall": 0.2631843090057373, "Precision": 0.180223748087883, "epoch": 199, "_timestamp": 1657150872, "_runtime": 20, "_step": 199, "_wandb": {"runtime": 18}}