{"Validation Accuracy": 0.5486111044883728, "F1 Score": 0.5486111044883728, "Recall": 0.5463815331459045, "Precision": 0.5923423767089844, "_timestamp": 1657180578, "_runtime": 16, "_step": 0, "_wandb": {"runtime": 15}}