{"Validation Accuracy": 0.2152777761220932, "F1 Score": 0.2152777761220932, "Recall": 0.2142857015132904, "Precision": 0.054083436727523804, "epoch": 99, "_timestamp": 1657148832, "_runtime": 12, "_step": 99, "_wandb": {"runtime": 9}}