{"Validation Accuracy": 0.2569444477558136, "F1 Score": 0.2569444477558136, "Recall": 0.22157755494117737, "Precision": 0.06445662677288055, "epoch": 99, "_timestamp": 1657148805, "_runtime": 11, "_step": 99, "_wandb": {"runtime": 9}}