{"Validation Accuracy": 0.2847222089767456, "F1 Score": 0.2847222089767456, "Recall": 0.27572113275527954, "Precision": 0.18529003858566284, "epoch": 699, "_timestamp": 1657147322, "_runtime": 69, "_step": 699, "_wandb": {"runtime": 67}}