{"Validation Accuracy": 0.4861111044883728, "F1 Score": 0.4861111044883728, "Recall": 0.46340441703796387, "Precision": 0.3211928904056549, "epoch": 199, "_timestamp": 1657149595, "_runtime": 21, "_step": 199, "_wandb": {"runtime": 18}}