{"Validation Accuracy": 0.1909722238779068, "F1 Score": 0.1909722238779068, "Recall": 0.19821429252624512, "Precision": 0.052734375, "epoch": 199, "_timestamp": 1657147490, "_runtime": 42, "_step": 199, "_wandb": {"runtime": 39}}