{"Train Accuracy": 0.5555555820465088, "Train Loss": 1.8419526815414429, "Validation Accuracy": 0.4131944477558136, "F1 Score": 0.4131944477558136, "Recall": 0.41526395082473755, "Precision": 0.4137183725833893, "_timestamp": 1656980380, "_runtime": 1396, "_step": 219}