{"Validation Accuracy": 0.4340277910232544, "F1 Score": 0.4340277910232544, "Recall": 0.40366584062576294, "Precision": 0.2959733009338379, "epoch": 199, "_timestamp": 1657149412, "_runtime": 20, "_step": 199, "_wandb": {"runtime": 18}}