{"Validation Accuracy": 0.2048611044883728, "F1 Score": 0.204861119389534, "Recall": 0.2097490280866623, "Precision": 0.08131367713212967, "epoch": 99, "_timestamp": 1657148042, "_runtime": 22, "_step": 99, "_wandb": {"runtime": 19}}