{"Validation Accuracy": 0.6111111044883728, "F1 Score": 0.6111111044883728, "Recall": 0.6046052575111389, "Precision": 0.6160039901733398, "_timestamp": 1657181379, "_runtime": 17, "_step": 0, "_wandb": {"runtime": 15}}