{"Validation Accuracy": 0.3958333432674408, "F1 Score": 0.3958333432674408, "Recall": 0.3672681748867035, "Precision": 0.26003843545913696, "epoch": 199, "_timestamp": 1657151430, "_runtime": 20, "_step": 199, "_wandb": {"runtime": 18}}