{"Validation Accuracy": 0.3159722089767456, "F1 Score": 0.3159722089767456, "Recall": 0.30446603894233704, "Precision": 0.25046083331108093, "epoch": 199, "_timestamp": 1657147173, "_runtime": 21, "_step": 199, "_wandb": {"runtime": 19}}