{"Validation Accuracy": 0.1875, "F1 Score": 0.1875, "Recall": 0.1920098215341568, "Precision": 0.10489159822463989, "epoch": 699, "_timestamp": 1657151207, "_runtime": 131, "_step": 699, "_wandb": {"runtime": 129}}