{"Validation Accuracy": 0.2673611044883728, "F1 Score": 0.2673611044883728, "Recall": 0.2680991590023041, "Precision": 0.169670969247818, "epoch": 199, "_timestamp": 1657150686, "_runtime": 20, "_step": 199, "_wandb": {"runtime": 18}}