{"Train Accuracy": 0.3923611044883728, "Train Loss": 1.9482955932617188, "Validation Accuracy": 0.3298611044883728, "F1 Score": 0.3298611044883728, "Recall": 0.3324245810508728, "Precision": 0.3355768918991089, "_timestamp": 1656978951, "_runtime": 74, "_step": 8}