{"Train Accuracy": 0.2808642089366913, "Train Loss": 2.020069122314453, "Validation Accuracy": 0.2569444477558136, "F1 Score": 0.2569444477558136, "Recall": 0.2550804018974304, "Precision": 0.24865756928920746, "_timestamp": 1657068496, "_runtime": 28, "_step": 3}