{"Validation Accuracy": 0.1041666641831398, "F1 Score": 0.1041666641831398, "Recall": 0.125, "Precision": 0.013020833022892475, "epoch": 699, "_timestamp": 1657148526, "_runtime": 133, "_step": 699, "_wandb": {"runtime": 130}}