{"Validation Accuracy": 0.3368055522441864, "F1 Score": 0.3368055522441864, "Recall": 0.32533013820648193, "Precision": 0.27699142694473267, "epoch": 99, "_timestamp": 1657148696, "_runtime": 12, "_step": 99, "_wandb": {"runtime": 9}}