{"Validation Accuracy": 0.1770833283662796, "F1 Score": 0.1770833432674408, "Recall": 0.17237287759780884, "Precision": 0.0895686224102974, "epoch": 699, "_timestamp": 1657148986, "_runtime": 133, "_step": 699, "_wandb": {"runtime": 130}}