{"Validation Accuracy": 0.1701388955116272, "F1 Score": 0.1701388955116272, "Recall": 0.16451093554496765, "Precision": 0.06532805413007736, "epoch": 199, "_timestamp": 1657150073, "_runtime": 40, "_step": 199, "_wandb": {"runtime": 38}}