{"Validation Accuracy": 0.1284722238779068, "F1 Score": 0.1284722238779068, "Recall": 0.125, "Precision": 0.01605902798473835, "epoch": 699, "_timestamp": 1657152359, "_runtime": 64, "_step": 699, "_wandb": {"runtime": 61}}