{"Validation Accuracy": 0.1527777761220932, "F1 Score": 0.1527777761220932, "Recall": 0.15522843599319458, "Precision": 0.059662945568561554, "epoch": 99, "_timestamp": 1657148257, "_runtime": 21, "_step": 99, "_wandb": {"runtime": 19}}