{"Validation Accuracy": 0.6319444179534912, "F1 Score": 0.6319444179534912, "Recall": 0.6283259987831116, "Precision": 0.6567335724830627, "_timestamp": 1657180634, "_runtime": 17, "_step": 0, "_wandb": {"runtime": 15}}