{"Validation Accuracy": 0.2361111044883728, "F1 Score": 0.2361111044883728, "Recall": 0.23772598803043365, "Precision": 0.24023792147636414, "epoch": 199, "_timestamp": 1657147832, "_runtime": 22, "_step": 199, "_wandb": {"runtime": 18}}