{"Validation Accuracy": 0.5625, "F1 Score": 0.5625, "Recall": 0.5787544250488281, "Precision": 0.5781653523445129, "Estimator": 900, "_timestamp": 1657155000, "_runtime": 12, "_step": 0, "_wandb": {"runtime": 10}}