{"Validation Accuracy": 0.1909722238779068, "F1 Score": 0.1909722238779068, "Recall": 0.15929089486598969, "Precision": 0.05965099483728409, "epoch": 699, "_timestamp": 1657150770, "_runtime": 65, "_step": 699, "_wandb": {"runtime": 62}}