{"train-accuracy": 1.0, "train-loss": 1.4215353727340698, "_timestamp": 1656900407, "_runtime": 1738, "_step": 399, "validation-accuracy": 0.6215277910232544}