{"Validation Accuracy": 0.5763888955116272, "F1 Score": 0.5763888955116272, "Recall": 0.5574561357498169, "Precision": 0.6297085881233215, "_timestamp": 1657181350, "_runtime": 17, "_step": 0, "_wandb": {"runtime": 15}}