{"Validation Accuracy": 0.21875, "F1 Score": 0.21875, "Recall": 0.2180550992488861, "Precision": 0.16759145259857178, "epoch": 699, "_timestamp": 1657144909, "_runtime": 140, "_step": 699, "_wandb": {"runtime": 139}}