{"Validation Accuracy": 0.1041666641831398, "F1 Score": 0.1041666641831398, "Recall": 0.125, "Precision": 0.013020833022892475, "epoch": 199, "_timestamp": 1657147099, "_runtime": 42, "_step": 199, "_wandb": {"runtime": 40}}