{"Validation Accuracy": 0.1458333283662796, "F1 Score": 0.1458333283662796, "Recall": 0.1377091407775879, "Precision": 0.05669330805540085, "epoch": 99, "_timestamp": 1657151944, "_runtime": 22, "_step": 99, "_wandb": {"runtime": 19}}