{"train-accuracy": 1.0, "train-loss": 1.4239214658737183, "_timestamp": 1656827220, "_runtime": 1796, "_step": 399, "validation-accuracy": 0.6319444179534912}