{"Validation Accuracy": 0.3993055522441864, "F1 Score": 0.3993055522441864, "Recall": 0.38434046506881714, "Precision": 0.3759074807167053, "epoch": 199, "_timestamp": 1657152761, "_runtime": 20, "_step": 199, "_wandb": {"runtime": 18}}