{"Train Accuracy": 0.1276041716337204, "Train Loss": 2.08394455909729, "Validation Accuracy": 0.0972222238779068, "F1 Score": 0.0972222164273262, "Recall": 0.09857378900051117, "Precision": 0.10253006219863892, "_timestamp": 1656978764, "_runtime": 233, "_step": 25}