{"Train Accuracy": 0.36651235818862915, "Train Loss": 1.963051676750183, "Validation Accuracy": 0.2986111044883728, "F1 Score": 0.2986111044883728, "Recall": 0.28026315569877625, "Precision": 0.3004603087902069, "_timestamp": 1657068390, "_runtime": 65, "_step": 9, "_wandb": {"runtime": 63}}