{"Validation Accuracy": 0.2152777761220932, "F1 Score": 0.2152777761220932, "Recall": 0.21423396468162537, "Precision": 0.09380648285150528, "epoch": 199, "_timestamp": 1657147134, "_runtime": 22, "_step": 199, "_wandb": {"runtime": 19}}