{"Validation Accuracy": 0.6736111044883728, "F1 Score": 0.6736111044883728, "Recall": 0.6635233759880066, "Precision": 0.708599865436554, "_timestamp": 1657181321, "_runtime": 17, "_step": 0, "_wandb": {"runtime": 16}}