{"Validation Accuracy": 0.21875, "F1 Score": 0.21875, "Recall": 0.21912525594234467, "Precision": 0.1366697996854782, "epoch": 199, "_timestamp": 1657148074, "_runtime": 21, "_step": 199, "_wandb": {"runtime": 19}}