{"Validation Accuracy": 0.5590277910232544, "F1 Score": 0.5590277910232544, "Recall": 0.5711087584495544, "Precision": 0.5714695453643799, "Estimator": 700, "_timestamp": 1657154920, "_runtime": 10, "_step": 0, "_wandb": {"runtime": 7}}