{"Validation Accuracy": 0.5763888955116272, "F1 Score": 0.5763888955116272, "Recall": 0.5555921196937561, "Precision": 0.5921409130096436, "_timestamp": 1657181407, "_runtime": 16, "_step": 0, "_wandb": {"runtime": 15}}