{"Validation Accuracy": 0.1597222238779068, "F1 Score": 0.1597222238779068, "Recall": 0.1639942228794098, "Precision": 0.19273008406162262, "epoch": 99, "_timestamp": 1657145396, "_runtime": 21, "_step": 99, "_wandb": {"runtime": 20}}