{"Train Accuracy": 0.4027777910232544, "Train Loss": 1.9477505683898926, "Validation Accuracy": 0.3576388955116272, "F1 Score": 0.3576388955116272, "Recall": 0.3628484010696411, "Precision": 0.35612475872039795, "_timestamp": 1656986824, "_runtime": 95, "_step": 9}