{"Validation Accuracy": 0.1979166716337204, "F1 Score": 0.1979166716337204, "Recall": 0.20297619700431824, "Precision": 0.05104166641831398, "epoch": 99, "_timestamp": 1657147428, "_runtime": 12, "_step": 99, "_wandb": {"runtime": 10}}