{"Validation Accuracy": 0.2430555522441864, "F1 Score": 0.2430555522441864, "Recall": 0.2505630552768707, "Precision": 0.10093725472688675, "epoch": 99, "_timestamp": 1657149220, "_runtime": 22, "_step": 99, "_wandb": {"runtime": 20}}