{"Validation Accuracy": 0.1666666716337204, "F1 Score": 0.1666666716337204, "Recall": 0.17619048058986664, "Precision": 0.047478094696998596, "epoch": 199, "_timestamp": 1657150014, "_runtime": 41, "_step": 199, "_wandb": {"runtime": 38}}