{"Validation Accuracy": 0.1840277761220932, "F1 Score": 0.1840277761220932, "Recall": 0.16887786984443665, "Precision": 0.0816088616847992, "epoch": 699, "_timestamp": 1657152560, "_runtime": 136, "_step": 699, "_wandb": {"runtime": 132}}