{"Validation Accuracy": 0.3229166567325592, "F1 Score": 0.3229166567325592, "Recall": 0.3249762952327728, "Precision": 0.20376400649547577, "epoch": 699, "_timestamp": 1657150953, "_runtime": 65, "_step": 699, "_wandb": {"runtime": 62}}