{"Validation Accuracy": 0.6319444179534912, "F1 Score": 0.6319444179534912, "Recall": 0.6121710538864136, "Precision": 0.6290042400360107, "_timestamp": 1657180808, "_runtime": 18, "_step": 0, "_wandb": {"runtime": 17}}