{"Validation Accuracy": 0.2638888955116272, "F1 Score": 0.2638888955116272, "Recall": 0.2546066343784332, "Precision": 0.10472740232944489, "epoch": 199, "_timestamp": 1657153108, "_runtime": 22, "_step": 199, "_wandb": {"runtime": 20}}