{"Validation Accuracy": 0.3090277910232544, "F1 Score": 0.3090277910232544, "Recall": 0.2969566583633423, "Precision": 0.18082401156425476, "epoch": 199, "_timestamp": 1657148374, "_runtime": 21, "_step": 199, "_wandb": {"runtime": 18}}