{"Validation Accuracy": 0.3368055522441864, "F1 Score": 0.3368055522441864, "Recall": 0.3129980266094208, "Precision": 0.24128463864326477, "epoch": 99, "_timestamp": 1657151360, "_runtime": 11, "_step": 99, "_wandb": {"runtime": 9}}