{"Validation Accuracy": 0.25, "F1 Score": 0.25, "Recall": 0.2452898621559143, "Precision": 0.12948553264141083, "epoch": 199, "_timestamp": 1657150460, "_runtime": 20, "_step": 199, "_wandb": {"runtime": 18}}