{"Validation Accuracy": 0.1909722238779068, "F1 Score": 0.1909722238779068, "Recall": 0.1994047611951828, "Precision": 0.05490156263113022, "_timestamp": 1657144547, "_runtime": 11, "_step": 99, "_wandb": {"runtime": 9}}