{"Validation Accuracy": 0.3298611044883728, "F1 Score": 0.3298611044883728, "Recall": 0.3189713954925537, "Precision": 0.1957026720046997, "epoch": 99, "_timestamp": 1657150524, "_runtime": 12, "_step": 99, "_wandb": {"runtime": 9}}