{"Validation Accuracy": 0.5625, "F1 Score": 0.5625, "Recall": 0.552591860294342, "Precision": 0.548180341720581, "epoch": 699, "_timestamp": 1657147644, "_runtime": 135, "_step": 699, "_wandb": {"runtime": 133}}