{"Validation Accuracy": 0.1666666716337204, "F1 Score": 0.1666666716337204, "Recall": 0.1785714328289032, "Precision": 0.0572134368121624, "_timestamp": 1657144472, "_runtime": 133, "_step": 699, "_wandb": {"runtime": 131}}