{"Validation Accuracy": 0.5659722089767456, "F1 Score": 0.5659722089767456, "Recall": 0.5760455131530762, "Precision": 0.5712693929672241, "_timestamp": 1657154816, "_runtime": 9, "_step": 0, "_wandb": {"runtime": 7}}