{"Validation Accuracy": 0.5243055820465088, "F1 Score": 0.5243055820465088, "Recall": 0.5020263195037842, "Precision": 0.5032395124435425, "epoch": 199, "_timestamp": 1657149344, "_runtime": 41, "_step": 199, "_wandb": {"runtime": 38}}