{"Validation Accuracy": 0.1909722238779068, "F1 Score": 0.1909722238779068, "Recall": 0.19614660739898682, "Precision": 0.1744261533021927, "epoch": 99, "_timestamp": 1657149254, "_runtime": 22, "_step": 99, "_wandb": {"runtime": 20}}