{"Validation Accuracy": 0.6180555820465088, "F1 Score": 0.6180555820465088, "Recall": 0.6042762994766235, "Precision": 0.6664150357246399, "_timestamp": 1657181206, "_runtime": 15, "_step": 0, "_wandb": {"runtime": 14}}