{"Validation Accuracy": 0.1805555522441864, "F1 Score": 0.1805555373430252, "Recall": 0.18943285942077637, "Precision": 0.3107606768608093, "epoch": 699, "_timestamp": 1657144756, "_runtime": 68, "_step": 699, "_wandb": {"runtime": 67}}