{"Validation Accuracy": 0.5347222089767456, "F1 Score": 0.5347222089767456, "Recall": 0.5538222789764404, "Precision": 0.5454511046409607, "Estimator": 200, "_timestamp": 1657155020, "_runtime": 6, "_step": 0, "_wandb": {"runtime": 2}}