{"Validation Accuracy": 0.2222222238779068, "F1 Score": 0.2222222238779068, "Recall": 0.2202380895614624, "Precision": 0.056266844272613525, "_timestamp": 1657144081, "_runtime": 11, "_step": 99, "_wandb": {"runtime": 10}}