{"Validation Accuracy": 0.1909722238779068, "F1 Score": 0.1909722238779068, "Recall": 0.1829512119293213, "Precision": 0.1893286406993866, "_timestamp": 1657144624, "_runtime": 5, "_step": 15, "_wandb": {"runtime": 3}}