{"Validation Accuracy": 0.6180555820465088, "F1 Score": 0.6180555820465088, "Recall": 0.5935672521591187, "Precision": 0.6697412729263306, "_timestamp": 1657181263, "_runtime": 16, "_step": 0, "_wandb": {"runtime": 14}}