{"Train Accuracy": 0.4270833432674408, "Train Loss": 1.9289215803146362, "Validation Accuracy": 0.3576388955116272, "F1 Score": 0.3576388955116272, "Recall": 0.35526514053344727, "Precision": 0.3730264902114868, "_timestamp": 1656980987, "_runtime": 109, "_step": 9}