{"Train Accuracy": 1.0, "Train Loss": 1.4249063730239868, "Validation Accuracy": 0.5659722089767456, "F1 Score": 0.5659722089767456, "Recall": 0.5561873912811279, "Precision": 0.5522153377532959, "_timestamp": 1656975558, "_runtime": 1203, "_step": 199, "_wandb": {"runtime": 3217}}