{"Validation Accuracy": 0.3472222089767456, "F1 Score": 0.3472222089767456, "Recall": 0.32401007413864136, "Precision": 0.2390596866607666, "epoch": 699, "_timestamp": 1657144986, "_runtime": 65, "_step": 699, "_wandb": {"runtime": 63}}