{"Validation Accuracy": 0.4409722089767456, "F1 Score": 0.4409722089767456, "Recall": 0.4168841242790222, "Precision": 0.33104243874549866, "epoch": 199, "_timestamp": 1657153294, "_runtime": 20, "_step": 199, "_wandb": {"runtime": 19}}