{"Validation Accuracy": 0.1041666641831398, "F1 Score": 0.1041666641831398, "Recall": 0.125, "Precision": 0.013020833022892475, "epoch": 99, "_timestamp": 1657147366, "_runtime": 23, "_step": 99, "_wandb": {"runtime": 21}}