{"Validation Accuracy": 0.2083333283662796, "F1 Score": 0.2083333283662796, "Recall": 0.2142857164144516, "Precision": 0.05478896200656891, "epoch": 199, "_timestamp": 1657149288, "_runtime": 20, "_step": 199, "_wandb": {"runtime": 19}}