{"Validation Accuracy": 0.5902777910232544, "F1 Score": 0.5902777910232544, "Recall": 0.5687500238418579, "Precision": 0.5896742343902588, "_timestamp": 1657180777, "_runtime": 17, "_step": 0, "_wandb": {"runtime": 15}}