{"Validation Accuracy": 0.1909722238779068, "F1 Score": 0.1909722238779068, "Recall": 0.18273809552192688, "Precision": 0.046969398856163025, "epoch": 199, "_timestamp": 1657150113, "_runtime": 20, "_step": 199, "_wandb": {"runtime": 18}}